,book,character,first_name,last_name
0,Harry Potter and the Chamber of Secrets,Mr Mason,Mr,Mason
1,Harry Potter and the Chamber of Secrets,Mrs Mason,Mrs,Mason
2,Harry Potter and the Chamber of Secrets,Dobby,Dobby,Dobby
3,Harry Potter and the Chamber of Secrets,Mafalda Hopkirk,Mafalda,Hopkirk
4,Harry Potter and the Chamber of Secrets,Errol,Errol,Errol
5,Harry Potter and the Chamber of Secrets,Perkins,Perkins,Perkins
6,Harry Potter and the Chamber of Secrets,Weasley family garden gnomes,Weasley,family
7,Harry Potter and the Chamber of Secrets,Weasley family chickens,Weasley,family
8,Harry Potter and the Chamber of Secrets,Celestina Warbeck,Celestina,Warbeck
9,Harry Potter and the Chamber of Secrets,Gilderoy Lockhart,Gilderoy,Lockhart
10,Harry Potter and the Chamber of Secrets,Father Christmas,Father,Christmas
11,Harry Potter and the Chamber of Secrets,Mundungus Fletcher,Mundungus,Fletcher
12,Harry Potter and the Chamber of Secrets,Mortlake,Mortlake,Mortlake
13,Harry Potter and the Chamber of Secrets,Weasley family ghoul,Weasley,family
14,Harry Potter and the Chamber of Secrets,Chudley Cannons Quidditch Team,Chudley,Cannons
15,Harry Potter and the Chamber of Secrets,Martin Miggs,Martin,Miggs
16,Harry Potter and the Chamber of Secrets,Mr Borgin,Mr,Borgin
17,Harry Potter and the Chamber of Secrets,Aged witch,Aged,witch
18,Harry Potter and the Chamber of Secrets,Mr Granger,Mr,Granger
19,Harry Potter and the Chamber of Secrets,Mrs Granger,Mrs,Granger
20,Harry Potter and the Chamber of Secrets,Dr Filibuster,Dr,Filibuster
21,Harry Potter and the Chamber of Secrets,Bozo,Bozo,Bozo
22,Harry Potter and the Chamber of Secrets,Manager of Flourish and Blotts,Manager,of
23,Harry Potter and the Chamber of Secrets,Hetty Bayliss,Hetty,Bayliss
24,Harry Potter and the Chamber of Secrets,Angus Fleet,Angus,Fleet
25,Harry Potter and the Chamber of Secrets,Justin Finch-Fletchley's mother,Justin,Finch-Fletchley's
26,Harry Potter and the Chamber of Secrets,Colin Creevey,Colin,Creevey
27,Harry Potter and the Chamber of Secrets,Mr Creevey,Mr,Creevey
28,Harry Potter and the Chamber of Secrets,Bandon Banshee,Bandon,Banshee
29,Harry Potter and the Chamber of Secrets,Ogden,Ogden,Ogden
30,Harry Potter and the Chamber of Secrets,Lockhart's pixies,Lockhart's,pixies
31,Harry Potter and the Chamber of Secrets,Gladys Gudgeon,Gladys,Gudgeon
32,Harry Potter and the Chamber of Secrets,Veronica Smethley,Veronica,Smethley
33,Harry Potter and the Chamber of Secrets,Sir Patrick Delaney-Podmore,Sir,Patrick
34,Harry Potter and the Chamber of Secrets,Z. Nettles,Z.,Nettles
35,Harry Potter and the Chamber of Secrets,D.J. Prod,D.J.,Prod
36,Harry Potter and the Chamber of Secrets,Care of Magical Creatures salamander,Care,of
37,Harry Potter and the Chamber of Secrets,Portly ghost,Portly,ghost
38,Harry Potter and the Chamber of Secrets,Myrtle Warren,Myrtle,Warren
39,Harry Potter and the Chamber of Secrets,Wailing Widow,Wailing,Widow
40,Harry Potter and the Chamber of Secrets,Ghosts unnamed,Ghosts,unnamed
41,Harry Potter and the Chamber of Secrets,Mrs Skower,Mrs,Skower
42,Harry Potter and the Chamber of Secrets,Godric Gryffindor,Godric,Gryffindor
43,Harry Potter and the Chamber of Secrets,Helga Hufflepuff,Helga,Hufflepuff
44,Harry Potter and the Chamber of Secrets,Rowena Ravenclaw,Rowena,Ravenclaw
45,Harry Potter and the Chamber of Secrets,Salazar Slytherin,Salazar,Slytherin
46,Harry Potter and the Chamber of Secrets,Transylvanian villager,Transylvanian,villager
47,Harry Potter and the Chamber of Secrets,Unnamed Yeti,Unnamed,Yeti
48,Harry Potter and the Chamber of Secrets,Unnamed Vampire,Unnamed,Vampire
49,Harry Potter and the Chamber of Secrets,Wagga Wagga Werewolf,Wagga,Wagga
50,Harry Potter and the Chamber of Secrets,Ernie Macmillan,Ernie,Macmillan
51,Harry Potter and the Chamber of Secrets,S. Fawcett,S.,Fawcett
52,Harry Potter and the Chamber of Secrets,Blood-Sucking Bugbear,Blood-Sucking,Bugbear
53,Harry Potter and the Chamber of Secrets,Aurora Sinistra,Aurora,Sinistra
54,Harry Potter and the Chamber of Secrets,Fawkes,Fawkes,Fawkes
55,Harry Potter and the Chamber of Secrets,Penelope Clearwater,Penelope,Clearwater
56,Harry Potter and the Chamber of Secrets,Millicent Bulstrode's cat,Millicent,Bulstrode's
57,Harry Potter and the Chamber of Secrets,Auntie Mabel,Auntie,Mabel
58,Harry Potter and the Chamber of Secrets,Lockhart's dwarfs,Lockhart's,dwarfs
59,Harry Potter and the Chamber of Secrets,Armando Dippet,Armando,Dippet
60,Harry Potter and the Chamber of Secrets,Aragog,Aragog,Aragog
61,Harry Potter and the Chamber of Secrets,Myrtle's parents,Myrtle's,parents
62,Harry Potter and the Chamber of Secrets,Unidentified eleven Hogwarts Board of Governors members,Unidentified,eleven
63,Harry Potter and the Chamber of Secrets,Mosag,Mosag,Mosag
64,Harry Potter and the Chamber of Secrets,Forbidden Forest Acromantula colony,Forbidden,Forest
65,Harry Potter and the Chamber of Secrets,Olive Hornby,Olive,Hornby
66,Harry Potter and the Chamber of Secrets,Tom Riddle Senior,Tom,Riddle
67,Harry Potter and the Chamber of Secrets,Merope Riddle,Merope,Riddle
68,Harry Potter and the Chamber of Secrets,Serpent of Slytherin,Serpent,of
69,Harry Potter and the Philosopher's Stone,Vernon Dursley,Vernon,Dursley
70,Harry Potter and the Philosopher's Stone,Petunia Dursley,Petunia,Dursley
71,Harry Potter and the Philosopher's Stone,Dudley Dursley,Dudley,Dursley
72,Harry Potter and the Philosopher's Stone,Lily Potter,Lily,Potter
73,Harry Potter and the Philosopher's Stone,James Potter,James,Potter
74,Harry Potter and the Philosopher's Stone,Harry Potter,Harry,Potter
75,Harry Potter and the Philosopher's Stone,Violet-cloaked wizard,Violet-cloaked,wizard
76,Harry Potter and the Philosopher's Stone,Lord Voldemort,Lord,Voldemort
77,Harry Potter and the Philosopher's Stone,Jim McGuffin,Jim,McGuffin
78,Harry Potter and the Philosopher's Stone,Ted,Ted,Ted
79,Harry Potter and the Philosopher's Stone,Vernon Dursley's secretary,Vernon,Dursley's
80,Harry Potter and the Philosopher's Stone,Albus Dumbledore,Albus,Dumbledore
81,Harry Potter and the Philosopher's Stone,Minerva McGonagall,Minerva,McGonagall
82,Harry Potter and the Philosopher's Stone,Dedalus Diggle,Dedalus,Diggle
83,Harry Potter and the Philosopher's Stone,Poppy Pomfrey,Poppy,Pomfrey
84,Harry Potter and the Philosopher's Stone,Rubeus Hagrid,Rubeus,Hagrid
85,Harry Potter and the Philosopher's Stone,Sirius Black,Sirius,Black
86,Harry Potter and the Philosopher's Stone,Marge Dursley,Marge,Dursley
87,Harry Potter and the Philosopher's Stone,Arabella Figg,Arabella,Figg
88,Harry Potter and the Philosopher's Stone,Tibbles,Tibbles,Tibbles
89,Harry Potter and the Philosopher's Stone,Snowy,Snowy,Snowy
90,Harry Potter and the Philosopher's Stone,Mr Paws,Mr,Paws
91,Harry Potter and the Philosopher's Stone,Tufty,Tufty,Tufty
92,Harry Potter and the Philosopher's Stone,Yvonne,Yvonne,Yvonne
93,Harry Potter and the Philosopher's Stone,Piers Polkiss,Piers,Polkiss
94,Harry Potter and the Philosopher's Stone,Piers Polkiss's mother,Piers,Polkiss's
95,Harry Potter and the Philosopher's Stone,Keeper of the reptile house,Keeper,of
96,Harry Potter and the Philosopher's Stone,Zoo director,Zoo,director
97,Harry Potter and the Philosopher's Stone,A boa constrictor,A,boa
98,Harry Potter and the Philosopher's Stone,A gorilla,A,gorilla
99,Harry Potter and the Philosopher's Stone,Dennis,Dennis,Dennis
100,Harry Potter and the Philosopher's Stone,Malcolm,Malcolm,Malcolm
101,Harry Potter and the Philosopher's Stone,Gordon,Gordon,Gordon
102,Harry Potter and the Philosopher's Stone,Dudley's parrot,Dudley's,parrot
103,Harry Potter and the Philosopher's Stone,Dudley's tortoise,Dudley's,tortoise
104,Harry Potter and the Philosopher's Stone,Owner of the Railview Hotel,Owner,of
105,Harry Potter and the Philosopher's Stone,Rowboat owner,Rowboat,owner
106,Harry Potter and the Philosopher's Stone,Merlin,Merlin,Merlin
107,Harry Potter and the Philosopher's Stone,Mr Evans,Mr,Evans
108,Harry Potter and the Philosopher's Stone,Mrs Evans,Mrs,Evans
109,Harry Potter and the Philosopher's Stone,McKinnon family,McKinnon,family
110,Harry Potter and the Philosopher's Stone,Bones family,Bones,family
111,Harry Potter and the Philosopher's Stone,Prewett family,Prewett,family
112,Harry Potter and the Philosopher's Stone,Cornelius Fudge,Cornelius,Fudge
113,Harry Potter and the Philosopher's Stone,Miranda Goshawk,Miranda,Goshawk
114,Harry Potter and the Philosopher's Stone,Bathilda Bagshot,Bathilda,Bagshot
115,Harry Potter and the Philosopher's Stone,Adalbert Waffling,Adalbert,Waffling
116,Harry Potter and the Philosopher's Stone,Emeric Switch,Emeric,Switch
117,Harry Potter and the Philosopher's Stone,Phyllida Spore,Phyllida,Spore
118,Harry Potter and the Philosopher's Stone,Arsenus Jigger,Arsenus,Jigger
119,Harry Potter and the Philosopher's Stone,Newton Scamander,Newton,Scamander
120,Harry Potter and the Philosopher's Stone,Quentin Trimble,Quentin,Trimble
121,Harry Potter and the Philosopher's Stone,Tom,Tom,Tom
122,Harry Potter and the Philosopher's Stone,Doris Crockford,Doris,Crockford
123,Harry Potter and the Philosopher's Stone,Quirinus Quirrell,Quirinus,Quirrell
124,Harry Potter and the Philosopher's Stone,Gringotts Head Goblin,Gringotts,Head
125,Harry Potter and the Philosopher's Stone,Griphook,Griphook,Griphook
126,Harry Potter and the Philosopher's Stone,Madam Malkin,Madam,Malkin
127,Harry Potter and the Philosopher's Stone,Draco Malfoy,Draco,Malfoy
128,Harry Potter and the Philosopher's Stone,Lucius Malfoy,Lucius,Malfoy
129,Harry Potter and the Philosopher's Stone,Narcissa Malfoy,Narcissa,Malfoy
130,Harry Potter and the Philosopher's Stone,Vindictus Viridian,Vindictus,Viridian
131,Harry Potter and the Philosopher's Stone,Hedwig,Hedwig,Hedwig
132,Harry Potter and the Philosopher's Stone,Garrick Ollivander,Garrick,Ollivander
133,Harry Potter and the Philosopher's Stone,King's Cross Station guard,King's,Cross
134,Harry Potter and the Philosopher's Stone,Ginny Weasley,Ginny,Weasley
135,Harry Potter and the Philosopher's Stone,Molly Weasley,Molly,Weasley
136,Harry Potter and the Philosopher's Stone,Percy Weasley,Percy,Weasley
137,Harry Potter and the Philosopher's Stone,Fred Weasley,Fred,Weasley
138,Harry Potter and the Philosopher's Stone,George Weasley,George,Weasley
139,Harry Potter and the Philosopher's Stone,Ron Weasley,Ron,Weasley
140,Harry Potter and the Philosopher's Stone,Neville Longbottom,Neville,Longbottom
141,Harry Potter and the Philosopher's Stone,Augusta Longbottom,Augusta,Longbottom
142,Harry Potter and the Philosopher's Stone,Lee Jordan,Lee,Jordan
143,Harry Potter and the Philosopher's Stone,Lee Jordan's tarantula,Lee,Jordan's
144,Harry Potter and the Philosopher's Stone,Bill Weasley,Bill,Weasley
145,Harry Potter and the Philosopher's Stone,Charlie Weasley,Charlie,Weasley
146,Harry Potter and the Philosopher's Stone,Arthur Weasley,Arthur,Weasley
147,Harry Potter and the Philosopher's Stone,Peter Pettigrew,Peter,Pettigrew
148,Harry Potter and the Philosopher's Stone,Trolley witch,Trolley,witch
149,Harry Potter and the Philosopher's Stone,Cornelius Agrippa,Cornelius,Agrippa
150,Harry Potter and the Philosopher's Stone,Claudius Ptolemy,Claudius,Ptolemy
151,Harry Potter and the Philosopher's Stone,Gellert Grindelwald,Gellert,Grindelwald
152,Harry Potter and the Philosopher's Stone,Nicolas Flamel,Nicolas,Flamel
153,Harry Potter and the Philosopher's Stone,Morgan le Fay,Morgan,le
154,Harry Potter and the Philosopher's Stone,Hengist of Woodcroft,Hengist,of
155,Harry Potter and the Philosopher's Stone,Alberic Grunnion,Alberic,Grunnion
156,Harry Potter and the Philosopher's Stone,Circe,Circe,Circe
157,Harry Potter and the Philosopher's Stone,Paracelsus,Paracelsus,Paracelsus
158,Harry Potter and the Philosopher's Stone,Cliodna,Cliodna,Cliodna
159,Harry Potter and the Philosopher's Stone,Bertie Bott,Bertie,Bott
160,Harry Potter and the Philosopher's Stone,Trevor,Trevor,Trevor
161,Harry Potter and the Philosopher's Stone,Hermione Granger,Hermione,Granger
162,Harry Potter and the Philosopher's Stone,Vincent Crabbe,Vincent,Crabbe
163,Harry Potter and the Philosopher's Stone,Gregory Goyle,Gregory,Goyle
164,Harry Potter and the Philosopher's Stone,Hogwarts Express conductor,Hogwarts,Express
165,Harry Potter and the Philosopher's Stone,Hermes,Hermes,Hermes
166,Harry Potter and the Philosopher's Stone,Fat Friar,Fat,Friar
167,Harry Potter and the Philosopher's Stone,Peeves,Peeves,Peeves
168,Harry Potter and the Philosopher's Stone,Sorting Hat,Sorting,Hat
169,Harry Potter and the Philosopher's Stone,Hannah Abbott,Hannah,Abbott
170,Harry Potter and the Philosopher's Stone,Susan Bones,Susan,Bones
171,Harry Potter and the Philosopher's Stone,Terry Boot,Terry,Boot
172,Harry Potter and the Philosopher's Stone,Mandy Brocklehurst,Mandy,Brocklehurst
173,Harry Potter and the Philosopher's Stone,Lavender Brown,Lavender,Brown
174,Harry Potter and the Philosopher's Stone,Millicent Bulstrode,Millicent,Bulstrode
175,Harry Potter and the Philosopher's Stone,Justin Finch-Fletchley,Justin,Finch-Fletchley
176,Harry Potter and the Philosopher's Stone,Seamus Finnigan,Seamus,Finnigan
177,Harry Potter and the Philosopher's Stone,Morag MacDougal,Morag,MacDougal
178,Harry Potter and the Philosopher's Stone,Lily Moon,Lily,Moon
179,Harry Potter and the Philosopher's Stone,Theodore Nott,Theodore,Nott
180,Harry Potter and the Philosopher's Stone,Pansy Parkinson,Pansy,Parkinson
181,Harry Potter and the Philosopher's Stone,Padma Patil,Padma,Patil
182,Harry Potter and the Philosopher's Stone,Parvati Patil,Parvati,Patil
183,Harry Potter and the Philosopher's Stone,Sally-Anne Perks,Sally-Anne,Perks
184,Harry Potter and the Philosopher's Stone,Dean Thomas,Dean,Thomas
185,Harry Potter and the Philosopher's Stone,Lisa Turpin,Lisa,Turpin
186,Harry Potter and the Philosopher's Stone,Blaise Zabini,Blaise,Zabini
187,Harry Potter and the Philosopher's Stone,Nearly-Headless Nick,Nearly-Headless,Nick
188,Harry Potter and the Philosopher's Stone,Bloody Baron,Bloody,Baron
189,Harry Potter and the Philosopher's Stone,Mr Finnigan,Mr,Finnigan
190,Harry Potter and the Philosopher's Stone,Mrs Finnigan,Mrs,Finnigan
191,Harry Potter and the Philosopher's Stone,Algie,Algie,Algie
192,Harry Potter and the Philosopher's Stone,Enid,Enid,Enid
193,Harry Potter and the Philosopher's Stone,Severus Snape,Severus,Snape
194,Harry Potter and the Philosopher's Stone,Argus Filch,Argus,Filch
195,Harry Potter and the Philosopher's Stone,Rolanda Hooch,Rolanda,Hooch
196,Harry Potter and the Philosopher's Stone,Fat Lady,Fat,Lady
197,Harry Potter and the Philosopher's Stone,Mrs Norris,Mrs,Norris
198,Harry Potter and the Philosopher's Stone,Pomona Sprout,Pomona,Sprout
199,Harry Potter and the Philosopher's Stone,Cuthbert Binns,Cuthbert,Binns
200,Harry Potter and the Philosopher's Stone,Emeric the Evil,Emeric,the
201,Harry Potter and the Philosopher's Stone,Uric the Oddball,Uric,the
202,Harry Potter and the Philosopher's Stone,Filius Flitwick,Filius,Flitwick
203,Harry Potter and the Philosopher's Stone,Fang,Fang,Fang
204,Harry Potter and the Philosopher's Stone,Oliver Wood,Oliver,Wood
205,Harry Potter and the Philosopher's Stone,Helena Ravenclaw,Helena,Ravenclaw
206,Harry Potter and the Philosopher's Stone,Draco Malfoy's eagle owl,Draco,Malfoy's
207,Harry Potter and the Philosopher's Stone,Gregory the Smarmy,Gregory,the
208,Harry Potter and the Philosopher's Stone,Fluffy,Fluffy,Fluffy
209,Harry Potter and the Philosopher's Stone,Baruffio,Baruffio,Baruffio
210,Harry Potter and the Philosopher's Stone,Quirinus Quirrell's first mountain troll,Quirinus,Quirrell's
211,Harry Potter and the Philosopher's Stone,Angelina Johnson,Angelina,Johnson
212,Harry Potter and the Philosopher's Stone,Marcus Flint,Marcus,Flint
213,Harry Potter and the Philosopher's Stone,Alicia Spinnet,Alicia,Spinnet
214,Harry Potter and the Philosopher's Stone,Katie Bell,Katie,Bell
215,Harry Potter and the Philosopher's Stone,Miles Bletchley,Miles,Bletchley
216,Harry Potter and the Philosopher's Stone,Adrian Pucey,Adrian,Pucey
217,Harry Potter and the Philosopher's Stone,Terence Higgs,Terence,Higgs
218,Harry Potter and the Philosopher's Stone,Irma Pince,Irma,Pince
219,Harry Potter and the Philosopher's Stone,Ron's grandfather,Ron's,grandfather
220,Harry Potter and the Philosopher's Stone,Harry's relatives,Harry's,relatives
221,Harry Potter and the Philosopher's Stone,Perenelle Flamel,Perenelle,Flamel
222,Harry Potter and the Philosopher's Stone,Norbert,Norbert,Norbert
223,Harry Potter and the Philosopher's Stone,Charlie Weasley's colleagues,Charlie,Weasley's
224,Harry Potter and the Philosopher's Stone,Ronan,Ronan,Ronan
225,Harry Potter and the Philosopher's Stone,Bane,Bane,Bane
226,Harry Potter and the Philosopher's Stone,Firenze,Firenze,Firenze
227,Harry Potter and the Philosopher's Stone,Unicorn,Unicorn,Unicorn
228,Harry Potter and the Philosopher's Stone,Elfric the Eager,Elfric,the
229,Harry Potter and the Philosopher's Stone,Hogwarts Giant Squid,Hogwarts,Giant
230,Harry Potter and the Philosopher's Stone,Quirinus Quirrell's second mountain troll,Quirinus,Quirrell's
231,Harry Potter and the Philosopher's Stone,King's Cross Station guard (wizard),King's,Cross
232,Harry Potter and the Deathly Hallows,Malfoy's Albino peacock,Malfoy's,Albino
233,Harry Potter and the Deathly Hallows,Pius Thicknesse,Pius,Thicknesse
234,Harry Potter and the Deathly Hallows,Charity Burbage,Charity,Burbage
235,Harry Potter and the Deathly Hallows,Percival Dumbledore,Percival,Dumbledore
236,Harry Potter and the Deathly Hallows,Three Muggle boys,Three,Muggle
237,Harry Potter and the Deathly Hallows,Kendra Dumbledore,Kendra,Dumbledore
238,Harry Potter and the Deathly Hallows,Ariana Dumbledore,Ariana,Dumbledore
239,Harry Potter and the Deathly Hallows,Betty Braithwaite,Betty,Braithwaite
240,Harry Potter and the Deathly Hallows,Ivor Dillonsby,Ivor,Dillonsby
241,Harry Potter and the Deathly Hallows,Selwyn,Selwyn,Selwyn
242,Harry Potter and the Deathly Hallows,Hedwig's killer,Hedwig's,killer
243,Harry Potter and the Deathly Hallows,Monsieur Delacour,Monsieur,Delacour
244,Harry Potter and the Deathly Hallows,Dragomir Gorgovitch,Dragomir,Gorgovitch
245,Harry Potter and the Deathly Hallows,Beedle the Bard,Beedle,the
246,Harry Potter and the Deathly Hallows,Babbitty Rabbity,Babbitty,Rabbity
247,Harry Potter and the Deathly Hallows,Lancelot,Lancelot,Lancelot
248,Harry Potter and the Deathly Hallows,Ronald Weasley's uncle,Ronald,Weasley's
249,Harry Potter and the Deathly Hallows,The Weasleys' many cousins,The,Weasleys'
250,Harry Potter and the Deathly Hallows,Barny Weasley,Barny,Weasley
251,Harry Potter and the Deathly Hallows,Delacour sisters' cousins,Delacour,sisters'
252,Harry Potter and the Deathly Hallows,Squat wizard in purple porkpie hat,Squat,wizard
253,Harry Potter and the Deathly Hallows,Muriel's mother,Muriel's,mother
254,Harry Potter and the Deathly Hallows,Viktor Krum's grandfather,Viktor,Krum's
255,Harry Potter and the Deathly Hallows,Waiters at Bill Weasley and Fleur Delacour's wedding,Waiters,at
256,Harry Potter and the Deathly Hallows,Band at Bill Weasley and Fleur Delacour's wedding,Band,at
257,Harry Potter and the Deathly Hallows,Other unnamed wedding guests,Other,unnamed
258,Harry Potter and the Deathly Hallows,Workmen at Tottenham Court Road,Workmen,at
259,Harry Potter and the Deathly Hallows,Waitress at Tottenham Court Road,Waitress,at
260,Harry Potter and the Deathly Hallows,Potters' cat,Potters',cat
261,Harry Potter and the Deathly Hallows,Unidentified Death Eaters,Unidentified,Death
262,Harry Potter and the Deathly Hallows,Unidentified Ministry witch,Unidentified,Ministry
263,Harry Potter and the Deathly Hallows,Unidentified Magical Maintenence employee,Unidentified,Magical
264,Harry Potter and the Deathly Hallows,German-speaking woman,German-speaking,woman
265,Harry Potter and the Deathly Hallows,German-speaking children,German-speaking,children
266,Harry Potter and the Deathly Hallows,Reginald Cattermole,Reginald,Cattermole
267,Harry Potter and the Deathly Hallows,Albert Runcorn,Albert,Runcorn
268,Harry Potter and the Deathly Hallows,Mary Cattermole,Mary,Cattermole
269,Harry Potter and the Deathly Hallows,Wakanda,Wakanda,Wakanda
270,Harry Potter and the Deathly Hallows,Bernie Pillsworth,Bernie,Pillsworth
271,Harry Potter and the Deathly Hallows,Bletchley,Bletchley,Bletchley
272,Harry Potter and the Deathly Hallows,Dirk Cresswell's wife,Dirk,Cresswell's
273,Harry Potter and the Deathly Hallows,Cresswell brothers,Cresswell,brothers
274,Harry Potter and the Deathly Hallows,Dirk Cresswell's friends,Dirk,Cresswell's
275,Harry Potter and the Deathly Hallows,Arkie Alderton,Arkie,Alderton
276,Harry Potter and the Deathly Hallows,Arkie Alderton's alleged son,Arkie,Alderton's
277,Harry Potter and the Deathly Hallows,Maisie Cattermole,Maisie,Cattermole
278,Harry Potter and the Deathly Hallows,Ellie Cattermole,Ellie,Cattermole
279,Harry Potter and the Deathly Hallows,Alfred Cattermole,Alfred,Cattermole
280,Harry Potter and the Deathly Hallows,Gornuk,Gornuk,Gornuk
281,Harry Potter and the Deathly Hallows,Gamp,Gamp,Gamp
282,Harry Potter and the Deathly Hallows,Bowman Wright,Bowman,Wright
283,Harry Potter and the Deathly Hallows,Unidentified Muggle man Christmas shopping,Unidentified,Muggle
284,Harry Potter and the Deathly Hallows,Unidentified Muggle woman Christmas shopping,Unidentified,Muggle
285,Harry Potter and the Deathly Hallows,Abbott,Abbott,Abbott
286,Harry Potter and the Deathly Hallows,Ignotus Peverell,Ignotus,Peverell
287,Harry Potter and the Deathly Hallows,Unidentified Muggle child who greets Lord Voldemort,Unidentified,Muggle
288,Harry Potter and the Deathly Hallows,Barnabus Finkley,Barnabus,Finkley
289,Harry Potter and the Deathly Hallows,Enid Smeek,Enid,Smeek
290,Harry Potter and the Deathly Hallows,"5 unnamed Snatchers, including the Foul-smelling Snatcher",5,unnamed
291,Harry Potter and the Deathly Hallows,Egbert the Egregious,Egbert,the
292,Harry Potter and the Deathly Hallows,Godelot,Godelot,Godelot
293,Harry Potter and the Deathly Hallows,Hereward,Hereward,Hereward
294,Harry Potter and the Deathly Hallows,Loxias,Loxias,Loxias
295,Harry Potter and the Deathly Hallows,Barnabas Deverill,Barnabas,Deverill
296,Harry Potter and the Deathly Hallows,Arcus,Arcus,Arcus
297,Harry Potter and the Deathly Hallows,Livius,Livius,Livius
298,Harry Potter and the Deathly Hallows,Antioch Peverell,Antioch,Peverell
299,Harry Potter and the Deathly Hallows,Cadmus Peverell,Cadmus,Peverell
300,Harry Potter and the Deathly Hallows,Death,Death,Death
301,Harry Potter and the Deathly Hallows,Dean Thomas's half-siblings,Dean,Thomas's
302,Harry Potter and the Deathly Hallows,Muggle family of five,Muggle,family
303,Harry Potter and the Deathly Hallows,Scabior,Scabior,Scabior
304,Harry Potter and the Deathly Hallows,Dudley,Dudley,Dudley
305,Harry Potter and the Deathly Hallows,Unidentified Snatchers,Unidentified,Snatchers
306,Harry Potter and the Deathly Hallows,Ragnuk,Ragnuk,Ragnuk
307,Harry Potter and the Deathly Hallows,Edward Lupin,Edward,Lupin
308,Harry Potter and the Deathly Hallows,Marius,Marius,Marius
309,Harry Potter and the Deathly Hallows,Unidentified Gringotts guard (I),Unidentified,Gringotts
310,Harry Potter and the Deathly Hallows,Bogrod,Bogrod,Bogrod
311,Harry Potter and the Deathly Hallows,"Beggars on Diagon Alley, including one with a bloody cloth over his eye",Beggars,on
312,Harry Potter and the Deathly Hallows,Ukrainian Ironbelly at Gringotts,Ukrainian,Ironbelly
313,Harry Potter and the Deathly Hallows,Unidentified goblin killed by Voldemort,Unidentified,goblin
314,Harry Potter and the Deathly Hallows,Unidentified Ravenclaw first year boy,Unidentified,Ravenclaw
315,Harry Potter and the Deathly Hallows,Mary Macdonald,Mary,Macdonald
316,Harry Potter and the Goblet of Fire,Mary Riddle,Mary,Riddle
317,Harry Potter and the Goblet of Fire,Thomas Riddle,Thomas,Riddle
318,Harry Potter and the Goblet of Fire,Riddles' maid,Riddles',maid
319,Harry Potter and the Goblet of Fire,Riddles' cook,Riddles',cook
320,Harry Potter and the Goblet of Fire,Frank Bryce,Frank,Bryce
321,Harry Potter and the Goblet of Fire,Landlord of The Hanged Man,Landlord,of
322,Harry Potter and the Goblet of Fire,Dot,Dot,Dot
323,Harry Potter and the Goblet of Fire,Little Hangleton Villagers,Little,Hangleton
324,Harry Potter and the Goblet of Fire,Great Hangleton Police,Great,Hangleton
325,Harry Potter and the Goblet of Fire,Current Owner of the Riddle House,Current,Owner
326,Harry Potter and the Goblet of Fire,Little Hangleton boys,Little,Hangleton
327,Harry Potter and the Goblet of Fire,Nagini,Nagini,Nagini
328,Harry Potter and the Goblet of Fire,Bertha Jorkins,Bertha,Jorkins
329,Harry Potter and the Goblet of Fire,Smeltings Academy Nurse,Smeltings,Academy
330,Harry Potter and the Goblet of Fire,Little Whinging postman,Little,Whinging
331,Harry Potter and the Goblet of Fire,Barty Crouch Snr,Barty,Crouch
332,Harry Potter and the Goblet of Fire,Ludo Bagman,Ludo,Bagman
333,Harry Potter and the Goblet of Fire,Otto Bagman,Otto,Bagman
334,Harry Potter and the Goblet of Fire,Viktor Krum,Viktor,Krum
335,Harry Potter and the Goblet of Fire,Amos Diggory,Amos,Diggory
336,Harry Potter and the Goblet of Fire,Lovegood family,Lovegood,family
337,Harry Potter and the Goblet of Fire,Fawcett family,Fawcett,family
338,Harry Potter and the Goblet of Fire,Basil,Basil,Basil
339,Harry Potter and the Goblet of Fire,Basil's colleague,Basil's,colleague
340,Harry Potter and the Goblet of Fire,Mr Roberts,Mr,Roberts
341,Harry Potter and the Goblet of Fire,Mr Payne,Mr,Payne
342,Harry Potter and the Goblet of Fire,Roberts's Obliviator,Roberts's,Obliviator
343,Harry Potter and the Goblet of Fire,Kevin,Kevin,Kevin
344,Harry Potter and the Goblet of Fire,Kevin's mother,Kevin's,mother
345,Harry Potter and the Goblet of Fire,Kevin's father,Kevin's,father
346,Harry Potter and the Goblet of Fire,3 African Wizards,3,African
347,Harry Potter and the Goblet of Fire,Group of Witches from The Salem Witches Institute,Group,of
348,Harry Potter and the Goblet of Fire,Archie Aymslowe,Archie,Aymslowe
349,Harry Potter and the Goblet of Fire,Unidentified Ministry of Magic Wizard at the 1994 Quidditch World Cup,Unidentified,Ministry
350,Harry Potter and the Goblet of Fire,Mr Wood,Mr,Wood
351,Harry Potter and the Goblet of Fire,Mrs Wood,Mrs,Wood
352,Harry Potter and the Goblet of Fire,Bill Weasley's Brazilian pen-friend,Bill,Weasley's
353,Harry Potter and the Goblet of Fire,Cuthbert Mockridge,Cuthbert,Mockridge
354,Harry Potter and the Goblet of Fire,Gilbert Wimple,Gilbert,Wimple
355,Harry Potter and the Goblet of Fire,Arnold Peasegood,Arnold,Peasegood
356,Harry Potter and the Goblet of Fire,Broderick Bode,Broderick,Bode
357,Harry Potter and the Goblet of Fire,Saul Croaker,Saul,Croaker
358,Harry Potter and the Goblet of Fire,Roddy Pontner,Roddy,Pontner
359,Harry Potter and the Goblet of Fire,Agatha Timms,Agatha,Timms
360,Harry Potter and the Goblet of Fire,Ali Bashir,Ali,Bashir
361,Harry Potter and the Goblet of Fire,Bartemius Crouch Snr's grandfather,Bartemius,Crouch
362,Harry Potter and the Goblet of Fire,Omnioculars Saleswizard,Omnioculars,Saleswizard
363,Harry Potter and the Goblet of Fire,Winky,Winky,Winky
364,Harry Potter and the Goblet of Fire,Bulgarian Minister for Magic,Bulgarian,Minister
365,Harry Potter and the Goblet of Fire,Mungo Bonham,Mungo,Bonham
366,Harry Potter and the Goblet of Fire,Bulgaria's Veela Mascots,Bulgaria's,Veela
367,Harry Potter and the Goblet of Fire,Ireland's Leprechaun Mascots,Ireland's,Leprechaun
368,Harry Potter and the Goblet of Fire,Vasily Dimitrov,Vasily,Dimitrov
369,Harry Potter and the Goblet of Fire,Clara Ivanova,Clara,Ivanova
370,Harry Potter and the Goblet of Fire,Lev Zograf,Lev,Zograf
371,Harry Potter and the Goblet of Fire,Alexei Levski,Alexei,Levski
372,Harry Potter and the Goblet of Fire,Pyotr Vulchanov,Pyotr,Vulchanov
373,Harry Potter and the Goblet of Fire,Ivan Volkov,Ivan,Volkov
374,Harry Potter and the Goblet of Fire,Connolly,Connolly,Connolly
375,Harry Potter and the Goblet of Fire,Barry Ryan,Barry,Ryan
376,Harry Potter and the Goblet of Fire,Troy,Troy,Troy
377,Harry Potter and the Goblet of Fire,Mullet,Mullet,Mullet
378,Harry Potter and the Goblet of Fire,Moran,Moran,Moran
379,Harry Potter and the Goblet of Fire,Quigley,Quigley,Quigley
380,Harry Potter and the Goblet of Fire,Aidan Lynch,Aidan,Lynch
381,Harry Potter and the Goblet of Fire,Hassan Mostafa,Hassan,Mostafa
382,Harry Potter and the Goblet of Fire,Mrs Roberts,Mrs,Roberts
383,Harry Potter and the Goblet of Fire,2 Roberts children,2,Roberts
384,Harry Potter and the Goblet of Fire,Unidentified Beauxbatons girl (I),Unidentified,Beauxbatons
385,Harry Potter and the Goblet of Fire,Olympe Maxime,Olympe,Maxime
386,Harry Potter and the Goblet of Fire,Wizard who claimed to be a dragon killer,Wizard,who
387,Harry Potter and the Goblet of Fire,Wizard who claimed to be a vampire hunter,Wizard,who
388,Harry Potter and the Goblet of Fire,Ministry witch in woollen dressing gown,Ministry,witch
389,Harry Potter and the Goblet of Fire,Rita Skeeter,Rita,Skeeter
390,Harry Potter and the Goblet of Fire,Alastor Moody,Alastor,Moody
391,Harry Potter and the Goblet of Fire,3 Muggle taxi drivers,3,Muggle
392,Harry Potter and the Goblet of Fire,Dennis Creevey,Dennis,Creevey
393,Harry Potter and the Goblet of Fire,Stewart Ackerley,Stewart,Ackerley
394,Harry Potter and the Goblet of Fire,Malcolm Baddock,Malcolm,Baddock
395,Harry Potter and the Goblet of Fire,Eleanor Branstone,Eleanor,Branstone
396,Harry Potter and the Goblet of Fire,Owen Cauldwell,Owen,Cauldwell
397,Harry Potter and the Goblet of Fire,Emma Dobbs,Emma,Dobbs
398,Harry Potter and the Goblet of Fire,Laura Madley,Laura,Madley
399,Harry Potter and the Goblet of Fire,Natalie McDonald,Natalie,McDonald
400,Harry Potter and the Goblet of Fire,Graham Pritchard,Graham,Pritchard
401,Harry Potter and the Goblet of Fire,Orla Quirke,Orla,Quirke
402,Harry Potter and the Goblet of Fire,Kevin Whitby,Kevin,Whitby
403,Harry Potter and the Goblet of Fire,Hogwarts house-elves,Hogwarts,house-elves
404,Harry Potter and the Goblet of Fire,Barty Crouch Jr,Barty,Crouch
405,Harry Potter and the Goblet of Fire,Eloise Midgeon,Eloise,Midgeon
406,Harry Potter and the Goblet of Fire,Hagrid's Blast-Ended Skrewts,Hagrid's,Blast-Ended
407,Harry Potter and the Goblet of Fire,Moody's 3 Spiders,Moody's,3
408,Harry Potter and the Goblet of Fire,12 Beauxbatons Academy of Magic Abraxan,12,Beauxbatons
409,Harry Potter and the Goblet of Fire,Igor Karkaroff,Igor,Karkaroff
410,Harry Potter and the Goblet of Fire,Poliakoff,Poliakoff,Poliakoff
411,Harry Potter and the Goblet of Fire,Summers,Summers,Summers
412,Harry Potter and the Goblet of Fire,Fleur Delacour,Fleur,Delacour
413,Harry Potter and the Goblet of Fire,Violet,Violet,Violet
414,Harry Potter and the Goblet of Fire,Apolline Delacour's mother,Apolline,Delacour's
415,Harry Potter and the Goblet of Fire,Mykew Gregorovitch,Mykew,Gregorovitch
416,Harry Potter and the Goblet of Fire,Unidentified female Hungarian Horntail,Unidentified,female
417,Harry Potter and the Goblet of Fire,Unidentified female Chinese Fireball,Unidentified,female
418,Harry Potter and the Goblet of Fire,Unidentified female Swedish Shortsnout,Unidentified,female
419,Harry Potter and the Goblet of Fire,Unidentified female Common Welsh Green,Unidentified,female
420,Harry Potter and the Goblet of Fire,Charlie Weasley's colleagues,Charlie,Weasley's
421,Harry Potter and the Goblet of Fire,Winky's mother,Winky's,mother
422,Harry Potter and the Goblet of Fire,Winky's grandmother,Winky's,grandmother
423,Harry Potter and the Goblet of Fire,Unidentified Hufflepuff third year girl,Unidentified,Hufflepuff
424,Harry Potter and the Goblet of Fire,Unidentified second year girl,Unidentified,second
425,Harry Potter and the Goblet of Fire,Unidentified fifth year girl,Unidentified,fifth
426,Harry Potter and the Goblet of Fire,Weird Sisters,Weird,Sisters
427,Harry Potter and the Goblet of Fire,Joey Jenkins,Joey,Jenkins
428,Harry Potter and the Goblet of Fire,Stebbins,Stebbins,Stebbins
429,Harry Potter and the Goblet of Fire,Unidentified Beauxbatons boy,Unidentified,Beauxbatons
430,Harry Potter and the Goblet of Fire,Fridwulfa,Fridwulfa,Fridwulfa
431,Harry Potter and the Goblet of Fire,Rubeus Hagrid's father,Rubeus,Hagrid's
432,Harry Potter and the Goblet of Fire,Boris the Bewildered,Boris,the
433,Harry Potter and the Goblet of Fire,Wilhelmina Grubbly-Plank,Wilhelmina,Grubbly-Plank
434,Harry Potter and the Goblet of Fire,Care of Magical Creatures Unicorn,Care,of
435,Harry Potter and the Goblet of Fire,Ludovic Bagman's goblin creditors,Ludovic,Bagman's
436,Harry Potter and the Goblet of Fire,Bertha Jorkins's second cousin,Bertha,Jorkins's
437,Harry Potter and the Goblet of Fire,Bertha Jorkins's aunt,Bertha,Jorkins's
438,Harry Potter and the Goblet of Fire,Aberforth Dumbledore,Aberforth,Dumbledore
439,Harry Potter and the Goblet of Fire,Olive Hornby's brother,Olive,Hornby's
440,Harry Potter and the Goblet of Fire,Two Unicorn foals,Two,Unicorn
441,Harry Potter and the Goblet of Fire,Black Lake Grindylows,Black,Lake
442,Harry Potter and the Goblet of Fire,Black Lake Merpeople colony,Black,Lake
443,Harry Potter and the Goblet of Fire,Gabrielle Delacour,Gabrielle,Delacour
444,Harry Potter and the Goblet of Fire,Murcus,Murcus,Murcus
445,Harry Potter and the Goblet of Fire,Mrs Crouch,Mrs,Crouch
446,Harry Potter and the Goblet of Fire,Evan Rosier,Evan,Rosier
447,Harry Potter and the Goblet of Fire,Wilkes,Wilkes,Wilkes
448,Harry Potter and the Goblet of Fire,Bellatrix Lestrange,Bellatrix,Lestrange
449,Harry Potter and the Goblet of Fire,Rodolphus Lestrange,Rodolphus,Lestrange
450,Harry Potter and the Goblet of Fire,Avery,Avery,Avery
451,Harry Potter and the Goblet of Fire,Care of Magical Creatures Nifflers,Care,of
452,Harry Potter and the Goblet of Fire,Old muggle tramp,Old,muggle
453,Harry Potter and the Goblet of Fire,Mrs Fudge,Mrs,Fudge
454,Harry Potter and the Goblet of Fire,Andorran Minister of Magic,Andorran,Minister
455,Harry Potter and the Goblet of Fire,Antonin Dolohov,Antonin,Dolohov
456,Harry Potter and the Goblet of Fire,Travers,Travers,Travers
457,Harry Potter and the Goblet of Fire,Mulciber,Mulciber,Mulciber
458,Harry Potter and the Goblet of Fire,Augustus Rookwood,Augustus,Rookwood
459,Harry Potter and the Goblet of Fire,Ludovic Bagman's father,Ludovic,Bagman's
460,Harry Potter and the Goblet of Fire,Unidentified female Council of Magical Law juror,Unidentified,female
461,Harry Potter and the Goblet of Fire,Rabastan Lestrange,Rabastan,Lestrange
462,Harry Potter and the Goblet of Fire,Frank Longbottom,Frank,Longbottom
463,Harry Potter and the Goblet of Fire,Alice Longbottom,Alice,Longbottom
464,Harry Potter and the Goblet of Fire,Florence,Florence,Florence
465,Harry Potter and the Goblet of Fire,Florence's boyfriend,Florence's,boyfriend
466,Harry Potter and the Goblet of Fire,Apolline Delacour,Apolline,Delacour
467,Harry Potter and the Goblet of Fire,Mrs Diggory,Mrs,Diggory
468,Harry Potter and the Goblet of Fire,Mr Krum,Mr,Krum
469,Harry Potter and the Goblet of Fire,Mrs Krum,Mrs,Krum
470,Harry Potter and the Goblet of Fire,Apollyon Pringle,Apollyon,Pringle
471,Harry Potter and the Goblet of Fire,Ogg,Ogg,Ogg
472,Harry Potter and the Goblet of Fire,Bodrod the Bearded,Bodrod,the
473,Harry Potter and the Goblet of Fire,Urg the Unclean,Urg,the
474,Harry Potter and the Goblet of Fire,Hedge Maze Boggart,Hedge,Maze
475,Harry Potter and the Goblet of Fire,Hedge Maze Sphinx,Hedge,Maze
476,Harry Potter and the Goblet of Fire,Hedge Maze Spider,Hedge,Maze
477,Harry Potter and the Goblet of Fire,Crabbe,Crabbe,Crabbe
478,Harry Potter and the Goblet of Fire,Goyle,Goyle,Goyle
479,Harry Potter and the Goblet of Fire,Nott,Nott,Nott
480,Harry Potter and the Goblet of Fire,Lee Jordan's father,Lee,Jordan's
481,Harry Potter and the Half-Blood Prince,President of foreign country,President,of
482,Harry Potter and the Half-Blood Prince,Prime Minister's political opponent,Prime,Minister's
483,Harry Potter and the Half-Blood Prince,Herbert Chorley,Herbert,Chorley
484,Harry Potter and the Half-Blood Prince,Ulick Gamp,Ulick,Gamp
485,Harry Potter and the Half-Blood Prince,Prime Minister's niece,Prime,Minister's
486,Harry Potter and the Half-Blood Prince,Prime Minister's personal secretary,Prime,Minister's
487,Harry Potter and the Half-Blood Prince,Chancellor of the Exchequer,Chancellor,of
488,Harry Potter and the Half-Blood Prince,Fox near Spinner's End,Fox,near
489,Harry Potter and the Half-Blood Prince,Corban Yaxley,Corban,Yaxley
490,Harry Potter and the Half-Blood Prince,Amycus Carrow,Amycus,Carrow
491,Harry Potter and the Half-Blood Prince,Alecto Carrow,Alecto,Carrow
492,Harry Potter and the Half-Blood Prince,Fenrir Greyback,Fenrir,Greyback
493,Harry Potter and the Half-Blood Prince,Horace Slughorn,Horace,Slughorn
494,Harry Potter and the Half-Blood Prince,Dirk Cresswell,Dirk,Cresswell
495,Harry Potter and the Half-Blood Prince,Barnabus Cuffe,Barnabus,Cuffe
496,Harry Potter and the Half-Blood Prince,Ciceron Harkiss,Ciceron,Harkiss
497,Harry Potter and the Half-Blood Prince,Gwenog Jones,Gwenog,Jones
498,Harry Potter and the Half-Blood Prince,Arkie Philpott,Arkie,Philpott
499,Harry Potter and the Half-Blood Prince,Ministry of Magic Car Driver,Ministry,of
500,Harry Potter and the Half-Blood Prince,Amulet Salesman,Amulet,Salesman
501,Harry Potter and the Half-Blood Prince,Verity,Verity,Verity
502,Harry Potter and the Half-Blood Prince,Arnold,Arnold,Arnold
503,Harry Potter and the Half-Blood Prince,Unidentified Aurors,Unidentified,Aurors
504,Harry Potter and the Half-Blood Prince,Romilda Vane,Romilda,Vane
505,Harry Potter and the Half-Blood Prince,Unidentified third year girl,Unidentified,third
506,Harry Potter and the Half-Blood Prince,Cormac McLaggen,Cormac,McLaggen
507,Harry Potter and the Half-Blood Prince,Marcus Belby,Marcus,Belby
508,Harry Potter and the Half-Blood Prince,Damocles,Damocles,Damocles
509,Harry Potter and the Half-Blood Prince,Mr Belby,Mr,Belby
510,Harry Potter and the Half-Blood Prince,Tiberius,Tiberius,Tiberius
511,Harry Potter and the Half-Blood Prince,Bertie Higgs,Bertie,Higgs
512,Harry Potter and the Half-Blood Prince,Blaise Zabini's mother,Blaise,Zabini's
513,Harry Potter and the Half-Blood Prince,Proudfoot,Proudfoot,Proudfoot
514,Harry Potter and the Half-Blood Prince,Savage,Savage,Savage
515,Harry Potter and the Half-Blood Prince,Unidentified Gryffindor fourth year boy,Unidentified,Gryffindor
516,Harry Potter and the Half-Blood Prince,Libatius Borage,Libatius,Borage
517,Harry Potter and the Half-Blood Prince,Hector Dagworth-Granger,Hector,Dagworth-Granger
518,Harry Potter and the Half-Blood Prince,Abraxas Malfoy,Abraxas,Malfoy
519,Harry Potter and the Half-Blood Prince,Humphrey Belcher,Humphrey,Belcher
520,Harry Potter and the Half-Blood Prince,Bob Ogden,Bob,Ogden
521,Harry Potter and the Half-Blood Prince,Marvolo Gaunt,Marvolo,Gaunt
522,Harry Potter and the Half-Blood Prince,Morfin Gaunt,Morfin,Gaunt
523,Harry Potter and the Half-Blood Prince,Cecilia,Cecilia,Cecilia
524,Harry Potter and the Half-Blood Prince,Tom Riddle's chestnut horse,Tom,Riddle's
525,Harry Potter and the Half-Blood Prince,Mr Patil,Mr,Patil
526,Harry Potter and the Half-Blood Prince,Mrs Patil,Mrs,Patil
527,Harry Potter and the Half-Blood Prince,Mr Midgen,Mr,Midgen
528,Harry Potter and the Half-Blood Prince,Mrs Abbott,Mrs,Abbott
529,Harry Potter and the Half-Blood Prince,Demelza Robins,Demelza,Robins
530,Harry Potter and the Half-Blood Prince,Jimmy Peakes,Jimmy,Peakes
531,Harry Potter and the Half-Blood Prince,Ritchie Coote,Ritchie,Coote
532,Harry Potter and the Half-Blood Prince,Melinda Bobbin,Melinda,Bobbin
533,Harry Potter and the Half-Blood Prince,Leanne,Leanne,Leanne
534,Harry Potter and the Half-Blood Prince,Caractacus Burke,Caractacus,Burke
535,Harry Potter and the Half-Blood Prince,Unidentified Wool's Orphanage girl,Unidentified,Wool's
536,Harry Potter and the Half-Blood Prince,Mrs Cole,Mrs,Cole
537,Harry Potter and the Half-Blood Prince,Martha,Martha,Martha
538,Harry Potter and the Half-Blood Prince,Billy Stubbs,Billy,Stubbs
539,Harry Potter and the Half-Blood Prince,Eric Whalley,Eric,Whalley
540,Harry Potter and the Half-Blood Prince,Billy Stubbs's Rabbit,Billy,Stubbs's
541,Harry Potter and the Half-Blood Prince,Amy Benson,Amy,Benson
542,Harry Potter and the Half-Blood Prince,Dennis Bishop,Dennis,Bishop
543,Harry Potter and the Half-Blood Prince,Muriel,Muriel,Muriel
544,Harry Potter and the Half-Blood Prince,Vaisey,Vaisey,Vaisey
545,Harry Potter and the Half-Blood Prince,Urquhart,Urquhart,Urquhart
546,Harry Potter and the Half-Blood Prince,Harper,Harper,Harper
547,Harry Potter and the Half-Blood Prince,Romilda Vane's grandmother,Romilda,Vane's
548,Harry Potter and the Half-Blood Prince,Eldred Worple,Eldred,Worple
549,Harry Potter and the Half-Blood Prince,Sanguini,Sanguini,Sanguini
550,Harry Potter and the Half-Blood Prince,Gawain Robards,Gawain,Robards
551,Harry Potter and the Half-Blood Prince,Fergus,Fergus,Fergus
552,Harry Potter and the Half-Blood Prince,Galatea Merrythought,Galatea,Merrythought
553,Harry Potter and the Half-Blood Prince,Lestrange,Lestrange,Lestrange
554,Harry Potter and the Half-Blood Prince,Avery,Avery,Avery
555,Harry Potter and the Half-Blood Prince,Golpalott,Golpalott,Golpalott
556,Harry Potter and the Half-Blood Prince,Scarpin,Scarpin,Scarpin
557,Harry Potter and the Half-Blood Prince,Wilkie Twycross,Wilkie,Twycross
558,Harry Potter and the Half-Blood Prince,Unidentifed Hufflepuff Captain,Unidentifed,Hufflepuff
559,Harry Potter and the Half-Blood Prince,Cadwallader,Cadwallader,Cadwallader
560,Harry Potter and the Half-Blood Prince,Hokey,Hokey,Hokey
561,Harry Potter and the Half-Blood Prince,Hepzibah Smith,Hepzibah,Smith
562,Harry Potter and the Half-Blood Prince,Hepzibah Smith's Family,Hepzibah,Smith's
563,Harry Potter and the Half-Blood Prince,Rosier,Rosier,Rosier
564,Harry Potter and the Half-Blood Prince,Mulciber,Mulciber,Mulciber
565,Harry Potter and the Half-Blood Prince,Octavius Pepper,Octavius,Pepper
566,Harry Potter and the Half-Blood Prince,Unidentified nine-year old,Unidentified,nine-year
567,Harry Potter and the Half-Blood Prince,Unidentified nine-year old's grandparents,Unidentified,nine-year
568,Harry Potter and the Half-Blood Prince,Montgomery sisters,Montgomery,sisters
569,Harry Potter and the Half-Blood Prince,Montgomery,Montgomery,Montgomery
570,Harry Potter and the Half-Blood Prince,Montgomery sisters' mother,Montgomery,sisters'
571,Harry Potter and the Half-Blood Prince,Odo,Odo,Odo
572,Harry Potter and the Half-Blood Prince,Katie Bell's father,Katie,Bell's
573,Harry Potter and the Half-Blood Prince,Katie Bell's mother,Katie,Bell's
574,Harry Potter and the Half-Blood Prince,Bertram Aubrey,Bertram,Aubrey
575,Harry Potter and the Half-Blood Prince,Inferi Army of Lord Voldemort,Inferi,Army
576,Harry Potter and the Half-Blood Prince,Thorfinn Rowle,Thorfinn,Rowle
577,Harry Potter and the Half-Blood Prince,Gibbon,Gibbon,Gibbon
578,Harry Potter and the Order of the Phoenix,Unnamed Newsreader,Unnamed,Newsreader
579,Harry Potter and the Order of the Phoenix,Bungy,Bungy,Bungy
580,Harry Potter and the Order of the Phoenix,Mary Dorkins,Mary,Dorkins
581,Harry Potter and the Order of the Phoenix,Mrs Number Seven,Mrs,Number
582,Harry Potter and the Order of the Phoenix,Mark Evans,Mark,Evans
583,Harry Potter and the Order of the Phoenix,Two Dementors,Two,Dementors
584,Harry Potter and the Order of the Phoenix,Mr Prentice,Mr,Prentice
585,Harry Potter and the Order of the Phoenix,Nymphadora Tonks,Nymphadora,Tonks
586,Harry Potter and the Order of the Phoenix,Kingsley Shacklebolt,Kingsley,Shacklebolt
587,Harry Potter and the Order of the Phoenix,Elphias Doge,Elphias,Doge
588,Harry Potter and the Order of the Phoenix,Emmeline Vance,Emmeline,Vance
589,Harry Potter and the Order of the Phoenix,Sturgis Podmore,Sturgis,Podmore
590,Harry Potter and the Order of the Phoenix,Hestia Jones,Hestia,Jones
591,Harry Potter and the Order of the Phoenix,Edward Tonks,Edward,Tonks
592,Harry Potter and the Order of the Phoenix,Andromeda Tonks,Andromeda,Tonks
593,Harry Potter and the Order of the Phoenix,Kreacher,Kreacher,Kreacher
594,Harry Potter and the Order of the Phoenix,Walburga Black,Walburga,Black
595,Harry Potter and the Order of the Phoenix,Phineas Nigellus Black,Phineas,Nigellus
596,Harry Potter and the Order of the Phoenix,Kreacher's mother,Kreacher's,mother
597,Harry Potter and the Order of the Phoenix,12 Grimmauld Place Doxies,12,Grimmauld
598,Harry Potter and the Order of the Phoenix,Nottingham Goblin Family,Nottingham,Goblin
599,Harry Potter and the Order of the Phoenix,Ragnok,Ragnok,Ragnok
600,Harry Potter and the Order of the Phoenix,Will,Will,Will
601,Harry Potter and the Order of the Phoenix,Warty Harris,Warty,Harris
602,Harry Potter and the Order of the Phoenix,Millicent Bagnold,Millicent,Bagnold
603,Harry Potter and the Order of the Phoenix,Fleamont Potter,Fleamont,Potter
604,Harry Potter and the Order of the Phoenix,Euphemia Potter,Euphemia,Potter
605,Harry Potter and the Order of the Phoenix,Alphard Black,Alphard,Black
606,Harry Potter and the Order of the Phoenix,Orion Black,Orion,Black
607,Harry Potter and the Order of the Phoenix,Regulus Black,Regulus,Black
608,Harry Potter and the Order of the Phoenix,Araminta Meliflua,Araminta,Meliflua
609,Harry Potter and the Order of the Phoenix,Elladora Black,Elladora,Black
610,Harry Potter and the Order of the Phoenix,Arcturus Black III[1],Arcturus,Black
611,Harry Potter and the Order of the Phoenix,12 Grimmauld Place Ghoul,12,Grimmauld
612,Harry Potter and the Order of the Phoenix,12 Grimmauld Place Boggart,12,Grimmauld
613,Harry Potter and the Order of the Phoenix,Rufus Scrimgeour,Rufus,Scrimgeour
614,Harry Potter and the Order of the Phoenix,Amelia Bones,Amelia,Bones
615,Harry Potter and the Order of the Phoenix,Eric Munch,Eric,Munch
616,Harry Potter and the Order of the Phoenix,Bob,Bob,Bob
617,Harry Potter and the Order of the Phoenix,Dolores Umbridge,Dolores,Umbridge
618,Harry Potter and the Order of the Phoenix,Wilbert Slinkhard,Wilbert,Slinkhard
619,Harry Potter and the Order of the Phoenix,Marlene McKinnon,Marlene,McKinnon
620,Harry Potter and the Order of the Phoenix,Benjy Fenwick,Benjy,Fenwick
621,Harry Potter and the Order of the Phoenix,Edgar Bones,Edgar,Bones
622,Harry Potter and the Order of the Phoenix,Caradoc Dearborn,Caradoc,Dearborn
623,Harry Potter and the Order of the Phoenix,Gideon Prewett,Gideon,Prewett
624,Harry Potter and the Order of the Phoenix,Fabian Prewett,Fabian,Prewett
625,Harry Potter and the Order of the Phoenix,Dorcas Meadowes,Dorcas,Meadowes
626,Harry Potter and the Order of the Phoenix,Luna Lovegood,Luna,Lovegood
627,Harry Potter and the Order of the Phoenix,Anthony Goldstein,Anthony,Goldstein
628,Harry Potter and the Order of the Phoenix,Doris Purkiss,Doris,Purkiss
629,Harry Potter and the Order of the Phoenix,Stubby Boardman,Stubby,Boardman
630,Harry Potter and the Order of the Phoenix,Xenophilius Lovegood,Xenophilius,Lovegood
631,Harry Potter and the Order of the Phoenix,Hogwarts Thestral herd,Hogwarts,Thestral
632,Harry Potter and the Order of the Phoenix,Euan Abercrombie,Euan,Abercrombie
633,Harry Potter and the Order of the Phoenix,Rose Zeller,Rose,Zeller
634,Harry Potter and the Order of the Phoenix,Dean Thomas's mother,Dean,Thomas's
635,Harry Potter and the Order of the Phoenix,Dean Thomas's father,Dean,Thomas's
636,Harry Potter and the Order of the Phoenix,Patricia Stimpson,Patricia,Stimpson
637,Harry Potter and the Order of the Phoenix,Kenneth Towler,Kenneth,Towler
638,Harry Potter and the Order of the Phoenix,Inigo Imago,Inigo,Imago
639,Harry Potter and the Order of the Phoenix,Care of Magical Creatures Bowtruckles,Care,of
640,Harry Potter and the Order of the Phoenix,Lachlan the Lanky,Lachlan,the
641,Harry Potter and the Order of the Phoenix,Vicky Frobisher,Vicky,Frobisher
642,Harry Potter and the Order of the Phoenix,Geoffrey Hooper,Geoffrey,Hooper
643,Harry Potter and the Order of the Phoenix,Wilfred the Wistful,Wilfred,the
644,Harry Potter and the Order of the Phoenix,Mrs Chang,Mrs,Chang
645,Harry Potter and the Order of the Phoenix,Donaghan Tremlett,Donaghan,Tremlett
646,Harry Potter and the Order of the Phoenix,Griselda Marchbanks,Griselda,Marchbanks
647,Harry Potter and the Order of the Phoenix,Tiberius Ogden,Tiberius,Ogden
648,Harry Potter and the Order of the Phoenix,Cassandra Trelawney,Cassandra,Trelawney
649,Harry Potter and the Order of the Phoenix,Marietta Edgecombe,Marietta,Edgecombe
650,Harry Potter and the Order of the Phoenix,Michael Corner,Michael,Corner
651,Harry Potter and the Order of the Phoenix,Zacharias Smith,Zacharias,Smith
652,Harry Potter and the Order of the Phoenix,Unidentified Gryffindor boy,Unidentified,Gryffindor
653,Harry Potter and the Order of the Phoenix,Unidentified Gryffindor boy's friend,Unidentified,Gryffindor
654,Harry Potter and the Order of the Phoenix,Unidentified Gryffindor girl,Unidentified,Gryffindor
655,Harry Potter and the Order of the Phoenix,Gargoyles at the staff room entrance,Gargoyles,at
656,Harry Potter and the Order of the Phoenix,Barnabus the Barmy,Barnabus,the
657,Harry Potter and the Order of the Phoenix,Mr Edgecombe,Mr,Edgecombe
658,Harry Potter and the Order of the Phoenix,Madam Edgecombe,Madam,Edgecombe
659,Harry Potter and the Order of the Phoenix,Mr Chang,Mr,Chang
660,Harry Potter and the Order of the Phoenix,Ladislaw Zamojski,Ladislaw,Zamojski
661,Harry Potter and the Order of the Phoenix,Karkus,Karkus,Karkus
662,Harry Potter and the Order of the Phoenix,Karkus' wife,Karkus',wife
663,Harry Potter and the Order of the Phoenix,Golgomath,Golgomath,Golgomath
664,Harry Potter and the Order of the Phoenix,Tenebrus,Tenebrus,Tenebrus
665,Harry Potter and the Order of the Phoenix,Neville Longbottom's grandfather,Neville,Longbottom's
666,Harry Potter and the Order of the Phoenix,Andrew Kirke,Andrew,Kirke
667,Harry Potter and the Order of the Phoenix,Jack Sloper,Jack,Sloper
668,Harry Potter and the Order of the Phoenix,Everard,Everard,Everard
669,Harry Potter and the Order of the Phoenix,Dilys Derwent,Dilys,Derwent
670,Harry Potter and the Order of the Phoenix,Elfrida Cragg,Elfrida,Cragg
671,Harry Potter and the Order of the Phoenix,Dexter Fortescue,Dexter,Fortescue
672,Harry Potter and the Order of the Phoenix,Unidentified female Head,Unidentified,female
673,Harry Potter and the Order of the Phoenix,Ventriloquist dummy at Purge and Dowse,Ventriloquist,dummy
674,Harry Potter and the Order of the Phoenix,St Mungo's Welcome Witch,St,Mungo's
675,Harry Potter and the Order of the Phoenix,Dai Llewellyn,Dai,Llewellyn
676,Harry Potter and the Order of the Phoenix,Hippocrates Smethwyck,Hippocrates,Smethwyck
677,Harry Potter and the Order of the Phoenix,Augustus Pye,Augustus,Pye
678,Harry Potter and the Order of the Phoenix,Urquhart Rackharrow,Urquhart,Rackharrow
679,Harry Potter and the Order of the Phoenix,Unidentified man in Mr Weasley's ward,Unidentified,man
680,Harry Potter and the Order of the Phoenix,Unidentified women in Mr Weasley's ward,Unidentified,women
681,Harry Potter and the Order of the Phoenix,Willy Widdershins,Willy,Widdershins
682,Harry Potter and the Order of the Phoenix,Portrait of a Healer in St Mungo's Hospital,Portrait,of
683,Harry Potter and the Order of the Phoenix,Miriam Strout,Miriam,Strout
684,Harry Potter and the Order of the Phoenix,Janus Thickey,Janus,Thickey
685,Harry Potter and the Order of the Phoenix,Agnes,Agnes,Agnes
686,Harry Potter and the Order of the Phoenix,Agnes's son,Agnes's,son
687,Harry Potter and the Order of the Phoenix,Puddifoot,Puddifoot,Puddifoot
688,Harry Potter and the Order of the Phoenix,Roger Davies' date,Roger,Davies'
689,Harry Potter and the Order of the Phoenix,Summerby,Summerby,Summerby
690,Harry Potter and the Order of the Phoenix,Tobias Snape,Tobias,Snape
691,Harry Potter and the Order of the Phoenix,Eileen Prince,Eileen,Prince
692,Harry Potter and the Order of the Phoenix,John Dawlish,John,Dawlish
693,Harry Potter and the Order of the Phoenix,Stebbins,Stebbins,Stebbins
694,Harry Potter and the Order of the Phoenix,Mr Montague,Mr,Montague
695,Harry Potter and the Order of the Phoenix,Mrs Montague,Mrs,Montague
696,Harry Potter and the Order of the Phoenix,Bradley,Bradley,Bradley
697,Harry Potter and the Order of the Phoenix,Grawp,Grawp,Grawp
698,Harry Potter and the Order of the Phoenix,Magorian,Magorian,Magorian
699,Harry Potter and the Order of the Phoenix,Unidentified hard-faced grey centaur,Unidentified,hard-faced
700,Harry Potter and the Order of the Phoenix,Chambers,Chambers,Chambers
701,Harry Potter and the Order of the Phoenix,Eddie Carmichael,Eddie,Carmichael
702,Harry Potter and the Order of the Phoenix,Harold Dingle,Harold,Dingle
703,Harry Potter and the Order of the Phoenix,Daphne Greengrass,Daphne,Greengrass
704,Harry Potter and the Order of the Phoenix,Tofty,Tofty,Tofty
705,Harry Potter and the Order of the Phoenix,Pierre Bonaccord,Pierre,Bonaccord
706,Harry Potter and the Order of the Phoenix,An unidentified sixth year girl,An,unidentified
707,Harry Potter and the Order of the Phoenix,Unidentified centaur,Unidentified,centaur
708,Harry Potter and the Order of the Phoenix,Unidentified bearded centaur,Unidentified,bearded
709,Harry Potter and the Order of the Phoenix,Unidentified dun-coloured centaur,Unidentified,dun-coloured
710,Harry Potter and the Order of the Phoenix,Unidentified snow white centaur,Unidentified,snow
711,Harry Potter and the Order of the Phoenix,Unidentified thestrals,Unidentified,thestrals
712,Harry Potter and the Order of the Phoenix,Jugson,Jugson,Jugson
713,Harry Potter and the Order of the Phoenix,Unidentified female Seer,Unidentified,female
714,Harry Potter and the Order of the Phoenix,Unidentified male Seer,Unidentified,male
715,Harry Potter and the Order of the Phoenix,Williamson,Williamson,Williamson
716,Harry Potter and the Prisoner of Azkaban,Wendelin the Weird,Wendelin,the
717,Harry Potter and the Prisoner of Azkaban,Unidentified Hogwarts owl,Unidentified,Hogwarts
718,Harry Potter and the Prisoner of Azkaban,Fleetwood,Fleetwood,Fleetwood
719,Harry Potter and the Prisoner of Azkaban,Ripper,Ripper,Ripper
720,Harry Potter and the Prisoner of Azkaban,Fubster,Fubster,Fubster
721,Harry Potter and the Prisoner of Azkaban,Stan Shunpike,Stan,Shunpike
722,Harry Potter and the Prisoner of Azkaban,Ernie Prang,Ernie,Prang
723,Harry Potter and the Prisoner of Azkaban,Sleeping wizard on the Knight Bus,Sleeping,wizard
724,Harry Potter and the Prisoner of Azkaban,Marsh,Marsh,Marsh
725,Harry Potter and the Prisoner of Azkaban,Prime Minister,Prime,Minister
726,Harry Potter and the Prisoner of Azkaban,Florean Fortescue,Florean,Fortescue
727,Harry Potter and the Prisoner of Azkaban,Cassandra Vablatsky,Cassandra,Vablatsky
728,Harry Potter and the Prisoner of Azkaban,Magical Menagerie saleswoman,Magical,Menagerie
729,Harry Potter and the Prisoner of Azkaban,Crookshanks,Crookshanks,Crookshanks
730,Harry Potter and the Prisoner of Azkaban,Remus Lupin,Remus,Lupin
731,Harry Potter and the Prisoner of Azkaban,Silvanus Kettleburn,Silvanus,Kettleburn
732,Harry Potter and the Prisoner of Azkaban,Dementor,Dementor,Dementor
733,Harry Potter and the Prisoner of Azkaban,Cadogan,Cadogan,Cadogan
734,Harry Potter and the Prisoner of Azkaban,Sybill Trelawney,Sybill,Trelawney
735,Harry Potter and the Prisoner of Azkaban,Bilius,Bilius,Bilius
736,Harry Potter and the Prisoner of Azkaban,Hogwarts Hippogriff herd,Hogwarts,Hippogriff
737,Harry Potter and the Prisoner of Azkaban,Buckbeak,Buckbeak,Buckbeak
738,Harry Potter and the Prisoner of Azkaban,Unidentified Muggle woman mentioned in Daily Prophet,Unidentified,Muggle
739,Harry Potter and the Prisoner of Azkaban,Staff room Boggart,Staff,room
740,Harry Potter and the Prisoner of Azkaban,Unidentified Gryffindor girls,Unidentified,Gryffindor
741,Harry Potter and the Prisoner of Azkaban,Binky,Binky,Binky
742,Harry Potter and the Prisoner of Azkaban,Lupin's Grindylow,Lupin's,Grindylow
743,Harry Potter and the Prisoner of Azkaban,Cedric Diggory,Cedric,Diggory
744,Harry Potter and the Prisoner of Azkaban,Lupin's Hinkypunk,Lupin's,Hinkypunk
745,Harry Potter and the Prisoner of Azkaban,Davey Gudgeon,Davey,Gudgeon
746,Harry Potter and the Prisoner of Azkaban,Ambrosius Flume,Ambrosius,Flume
747,Harry Potter and the Prisoner of Azkaban,Ambrosius Flume's wife,Ambrosius,Flume's
748,Harry Potter and the Prisoner of Azkaban,Rosmerta,Rosmerta,Rosmerta
749,Harry Potter and the Prisoner of Azkaban,Peter Pettigrew's mother,Peter,Pettigrew's
750,Harry Potter and the Prisoner of Azkaban,Derek,Derek,Derek
751,Harry Potter and the Prisoner of Azkaban,Unnamed First Year,Unnamed,First
752,Harry Potter and the Prisoner of Azkaban,Unnamed Slytherin Fifth Year,Unnamed,Slytherin
753,Harry Potter and the Prisoner of Azkaban,Septima Vector,Septima,Vector
754,Harry Potter and the Prisoner of Azkaban,Cho Chang,Cho,Chang
755,Harry Potter and the Prisoner of Azkaban,Roger Davies,Roger,Davies
756,Harry Potter and the Prisoner of Azkaban,Security Trolls,Security,Trolls
757,Harry Potter and the Prisoner of Azkaban,Cassius Warrington,Cassius,Warrington
758,Harry Potter and the Prisoner of Azkaban,Graham Montague,Graham,Montague
759,Harry Potter and the Prisoner of Azkaban,Peregrine Derrick,Peregrine,Derrick
760,Harry Potter and the Prisoner of Azkaban,Lucian Bole,Lucian,Bole
761,Harry Potter and the Prisoner of Azkaban,Unidentified Committee for the Disposal of Dangerous Creatures member,Unidentified,Committee
762,Harry Potter and the Prisoner of Azkaban,Walden Macnair,Walden,Macnair
763,Harry Potter and the Prisoner of Azkaban,Lyall Lupin,Lyall,Lupin
764,Harry Potter and the Prisoner of Azkaban,Hope Lupin,Hope,Lupin
